Scenario, Experiment Name, Total Agents, # Distracted Agents, Simulation Time, Flow Rate, Average Agent Path Length
Egress,No distraction,50,0,36.55077,1.36796,18.225
Egress,No distraction,50,0,34.10422,1.466094,17.63091
Egress,No distraction,50,0,35.1641,1.421905,18.05177
Egress,No distraction,50,0,36.12668,1.384019,18.33488
Egress,No distraction,50,0,35.03276,1.427235,17.35878
Egress,No distraction,50,0,33.46909,1.493916,18.12623
Egress,No distraction,50,0,38.57797,1.296076,17.80426
Egress,No distraction,50,0,34.11623,1.465578,17.76277
Egress,No distraction,50,0,36.01215,1.38842,18.14091
Egress,No distraction,50,0,33.99564,1.470777,18.20387
Egress,No distraction,50,0,39.18402,1.27603,17.74665
Egress,No distraction,50,0,36.74576,1.360701,17.42567
Egress,No distraction,50,0,34.17419,1.463092,16.91466
Egress,No distraction,50,0,30.00552,1.66636,17.87373
Egress,No distraction,50,0,37.97119,1.316788,17.50192
Egress,No distraction,50,0,32.98828,1.51569,17.85419
Egress,No distraction,50,0,36.67816,1.363209,17.87445
Egress,No distraction,50,0,31.76581,1.574019,18.08218
Egress,No distraction,50,0,32.12598,1.556373,17.3518
Egress,No distraction,50,0,33.58252,1.48887,17.62949
Egress,Walk and Text,50,1,38.60104,1.295302,18.03579
Egress,Walk and Text,50,1,32.22773,1.551459,17.29053
Egress,Walk and Text,50,1,34.8448,1.434934,18.49566
Egress,Walk and Text,50,1,40.18297,1.244308,17.9272
Egress,Walk and Text,50,1,33.18622,1.506649,17.53504
Egress,Walk and Text,50,1,35.92477,1.391797,18.03826
Egress,Walk and Text,50,1,32.45396,1.540644,17.80712
Egress,Walk and Text,50,1,34.74043,1.439245,18.31244
Egress,Walk and Text,50,1,34.56598,1.446509,17.22387
Egress,Walk and Text,50,1,32.16605,1.554434,17.72329
Egress,Walk and Text,50,1,32.75278,1.526588,17.75409
Egress,Walk and Text,50,1,34.56207,1.446672,17.19343
Egress,Walk and Text,50,1,34.75781,1.438526,17.73733
Egress,Walk and Text,50,1,37.7818,1.323389,17.74603
Egress,Walk and Text,50,1,33.42456,1.495906,17.60359
Egress,Walk and Text,50,1,33.41998,1.496111,17.55342
Egress,Walk and Text,50,1,34.42786,1.452312,17.61366
Egress,Walk and Text,50,1,32.39063,1.543657,17.26644
Egress,Walk and Text,50,1,38.13715,1.311058,18.10147
Egress,Walk and Text,50,1,39.17285,1.276394,18.65823
Egress,Walk and Text,50,2,36.04937,1.386987,17.46818
Egress,Walk and Text,50,2,32.41993,1.542261,18.00442
Egress,Walk and Text,50,2,30.92463,1.616834,17.79436
Egress,Walk and Text,50,2,32.89741,1.519877,18.17277
Egress,Walk and Text,50,2,31.8157,1.571551,17.52882
Egress,Walk and Text,50,2,33.55522,1.490081,18.0048
Egress,Walk and Text,50,2,36.47612,1.37076,17.85256
Egress,Walk and Text,50,2,36.16826,1.382428,17.83869
Egress,Walk and Text,50,2,34.77457,1.437832,17.95049
Egress,Walk and Text,50,2,37.29111,1.340802,17.96569
Egress,Walk and Text,50,2,37.63089,1.328696,17.98535
Egress,Walk and Text,50,2,35.55222,1.406382,17.23019
Egress,Walk and Text,50,2,31.77139,1.573743,17.33864
Egress,Walk and Text,50,2,33.60028,1.488083,17.36768
Egress,Walk and Text,50,2,31.58078,1.583241,18.3048
Egress,Walk and Text,50,2,33.46863,1.493936,18.27986
Egress,Walk and Text,50,2,35.37091,1.413591,18.22733
Egress,Walk and Text,50,2,35.6275,1.40341,17.65674
Egress,Walk and Text,50,2,36.60608,1.365893,18.16123
Egress,Walk and Text,50,2,34.35541,1.455375,17.9257
Egress,Walk and Text,50,5,40.05322,1.248339,17.75359
Egress,Walk and Text,50,5,34.20253,1.46188,17.75772
Egress,Walk and Text,50,5,34.43359,1.452071,17.49665
Egress,Walk and Text,50,5,34.93271,1.431323,17.62467
Egress,Walk and Text,50,5,38.11784,1.311722,17.35
Egress,Walk and Text,50,5,34.96516,1.429995,18.03902
Egress,Walk and Text,50,5,32.11934,1.556695,17.89158
Egress,Walk and Text,50,5,37.49028,1.333679,17.7739
Egress,Walk and Text,50,5,33.00656,1.51485,18.15466
Egress,Walk and Text,50,5,33.56616,1.489595,17.99331
Egress,Walk and Text,50,5,33.22684,1.504808,17.4668
Egress,Walk and Text,50,5,33.0134,1.514537,18.04495
Egress,Walk and Text,50,5,36.36954,1.374777,18.00459
Egress,Walk and Text,50,5,36.65781,1.363966,18.34911
Egress,Walk and Text,50,5,35.01178,1.428091,17.71445
Egress,Walk and Text,50,5,37.24976,1.342291,18.04451
Egress,Walk and Text,50,5,31.73962,1.575318,17.73808
Egress,Walk and Text,50,5,37.30493,1.340305,17.84005
Egress,Walk and Text,50,5,37.54089,1.331881,17.82589
Egress,Walk and Text,50,5,34.85583,1.43448,17.90685
Egress,Walk and Text,50,10,34.54344,1.447453,18.18339
Egress,Walk and Text,50,10,31.07692,1.608911,17.51319
Egress,Walk and Text,50,10,37.01271,1.350887,17.36797
Egress,Walk and Text,50,10,33.09661,1.510729,18.22264
Egress,Walk and Text,50,10,35.78264,1.397326,18.25666
Egress,Walk and Text,50,10,32.1257,1.556386,17.10991
Egress,Walk and Text,50,10,36.68109,1.3631,17.80585
Egress,Walk and Text,50,10,37.73323,1.325092,17.86376
Egress,Walk and Text,50,10,36.8298,1.357596,17.59942
Egress,Walk and Text,50,10,35.45401,1.410278,18.08767
Egress,Walk and Text,50,10,34.14639,1.464283,17.50815
Egress,Walk and Text,50,10,38.46927,1.299739,17.8417
Egress,Walk and Text,50,10,29.64627,1.686553,17.95688
Egress,Walk and Text,50,10,33.00934,1.514723,17.90833
Egress,Walk and Text,50,10,34.05505,1.468211,17.57973
Egress,Walk and Text,50,10,36.37592,1.374536,17.71029
Egress,Walk and Text,50,10,35.41321,1.411903,17.70148
Egress,Walk and Text,50,10,34.04541,1.468627,17.76728
Egress,Walk and Text,50,10,32.14587,1.55541,17.9481
Egress,Walk and Text,50,10,36.66669,1.363636,17.23382
Egress,Walk and Text,50,20,38.65106,1.293626,17.86095
Egress,Walk and Text,50,20,31.11127,1.607135,17.05445
Egress,Walk and Text,50,20,34.0592,1.468032,17.77237
Egress,Walk and Text,50,20,34.55585,1.446933,17.10779
Egress,Walk and Text,50,20,30.68143,1.62965,17.78593
Egress,Walk and Text,50,20,33.7446,1.481719,17.49219
Egress,Walk and Text,50,20,34.92863,1.43149,17.78731
Egress,Walk and Text,50,20,33.6884,1.48419,17.92335
Egress,Walk and Text,50,20,34.77066,1.437994,17.5766
Egress,Walk and Text,50,20,35.13754,1.422979,17.82764
Egress,Walk and Text,50,20,34.41577,1.452822,18.04956
Egress,Walk and Text,50,20,33.29892,1.50155,17.61027
Egress,Walk and Text,50,20,33.78189,1.480083,18.14588
Egress,Walk and Text,50,20,36.0972,1.385149,17.74205
Egress,Walk and Text,50,20,34.31213,1.45721,17.71809
Egress,Walk and Text,50,20,36.42969,1.372507,18.03259
Egress,Walk and Text,50,20,33.50354,1.49238,17.87556
Egress,Walk and Text,50,20,32.88782,1.52032,17.65558
Egress,Walk and Text,50,20,34.96802,1.429878,18.13299
Egress,Walk and Text,50,20,33.19476,1.506262,18.20828
Egress,Walk and Text,50,30,39.42518,1.268225,18.02415
Egress,Walk and Text,50,30,35.18811,1.420935,17.7942
Egress,Walk and Text,50,30,35.9903,1.389263,18.20465
Egress,Walk and Text,50,30,35.50326,1.408321,18.15091
Egress,Walk and Text,50,30,35.74768,1.398692,17.72307
Egress,Walk and Text,50,30,36.22054,1.380432,17.38268
Egress,Walk and Text,50,30,32.59692,1.533887,17.41626
Egress,Walk and Text,50,30,36.55583,1.367771,17.42249
Egress,Walk and Text,50,30,37.07761,1.348523,17.86738
Egress,Walk and Text,50,30,39.03146,1.281018,17.768
Egress,Walk and Text,50,30,39.93298,1.252098,17.4831
Egress,Walk and Text,50,30,36.97928,1.352109,17.89441
Egress,Walk and Text,50,30,34.86447,1.434125,17.48075
Egress,Walk and Text,50,30,35.20532,1.42024,18.11139
Egress,Walk and Text,50,30,34.49753,1.449379,17.797
Egress,Walk and Text,50,30,33.45038,1.494751,17.59484
Egress,Walk and Text,50,30,35.97668,1.389789,17.86202
Egress,Walk and Text,50,30,36.00708,1.388616,17.5871
Egress,Walk and Text,50,30,35.48199,1.409165,18.22237
Egress,Walk and Text,50,30,36.34216,1.375812,18.0016
Egress,Walk and Text,50,40,35.52075,1.407628,17.92324
Egress,Walk and Text,50,40,40.33506,1.239616,18.44854
Egress,Walk and Text,50,40,34.91495,1.432051,17.63326
Egress,Walk and Text,50,40,36.0866,1.385556,18.54578
Egress,Walk and Text,50,40,35.93626,1.391352,17.82409
Egress,Walk and Text,50,40,33.84259,1.477428,18.22532
Egress,Walk and Text,50,40,32.71147,1.528516,17.75582
Egress,Walk and Text,50,40,37.53702,1.332018,17.64341
Egress,Walk and Text,50,40,34.44379,1.451641,18.06839
Egress,Walk and Text,50,40,31.98352,1.563305,17.97525
Egress,Walk and Text,50,40,33.09808,1.510661,18.05998
Egress,Walk and Text,50,40,35.20258,1.420351,17.69677
Egress,Walk and Text,50,40,32.45773,1.540465,17.80157
Egress,Walk and Text,50,40,33.48511,1.493201,17.90385
Egress,Walk and Text,50,40,36.85764,1.356571,18.44831
Egress,Walk and Text,50,40,31.73639,1.575479,17.41552
Egress,Walk and Text,50,40,38.89978,1.285354,17.31469
Egress,Walk and Text,50,40,35.17773,1.421354,17.67917
Egress,Walk and Text,50,40,32.27014,1.54942,17.619
Egress,Walk and Text,50,40,35.56793,1.405761,17.67483
Egress,Walk and Text,50,50,35.89502,1.392951,17.84468
Egress,Walk and Text,50,50,33.20934,1.505601,17.82812
Egress,Walk and Text,50,50,33.45578,1.49451,17.56699
Egress,Walk and Text,50,50,32.68404,1.529799,17.78951
Egress,Walk and Text,50,50,33.05275,1.512733,17.07682
Egress,Walk and Text,50,50,34.78992,1.437198,17.97636
Egress,Walk and Text,50,50,31.71335,1.576623,17.53868
Egress,Walk and Text,50,50,37.45982,1.334763,17.65014
Egress,Walk and Text,50,50,33.25836,1.503381,17.88491
Egress,Walk and Text,50,50,33.61151,1.487586,17.95759
Egress,Walk and Text,50,50,31.52216,1.586186,17.5625
Egress,Walk and Text,50,50,34.04065,1.468832,18.07349
Egress,Walk and Text,50,50,34.19202,1.46233,18.07472
Egress,Walk and Text,50,50,33.5253,1.491411,17.772
Egress,Walk and Text,50,50,33.46118,1.494269,17.73716
Egress,Walk and Text,50,50,36.33701,1.376008,18.00838
Egress,Walk and Text,50,50,33.97803,1.471539,17.7863
Egress,Walk and Text,50,50,32.7724,1.525674,17.5971
Egress,Walk and Text,50,50,34.58258,1.445815,17.40189
Egress,Walk and Text,50,50,38.1134,1.311875,17.84453
Egress,Walk and Talk,50,1,40.78151,1.226046,17.70171
Egress,Walk and Talk,50,1,32.72562,1.527855,17.56154
Egress,Walk and Talk,50,1,34.35574,1.455361,18.25525
Egress,Walk and Talk,50,1,38.12885,1.311343,17.60615
Egress,Walk and Talk,50,1,41.27324,1.211439,18.26587
Egress,Walk and Talk,50,1,39.33444,1.271151,17.70371
Egress,Walk and Talk,50,1,37.35587,1.338478,18.14124
Egress,Walk and Talk,50,1,34.32492,1.456668,17.88152
Egress,Walk and Talk,50,1,31.99796,1.5626,17.65479
Egress,Walk and Talk,50,1,34.24832,1.459926,17.31742
Egress,Walk and Talk,50,1,32.26984,1.549435,17.73132
Egress,Walk and Talk,50,1,32.40393,1.543023,18.01911
Egress,Walk and Talk,50,1,33.83167,1.477905,18.17645
Egress,Walk and Talk,50,1,33.59244,1.48843,17.153
Egress,Walk and Talk,50,1,32.83179,1.522914,17.76496
Egress,Walk and Talk,50,1,34.41101,1.453023,17.21892
Egress,Walk and Talk,50,1,41.92358,1.192646,17.71342
Egress,Walk and Talk,50,1,32.69653,1.529214,17.82743
Egress,Walk and Talk,50,1,32.67346,1.530294,18.3097
Egress,Walk and Talk,50,1,39.62982,1.261676,18.52498
Egress,Walk and Talk,50,2,100.4223,0.4978972,17.30273
Egress,Walk and Talk,50,2,37.21236,1.34364,17.29398
Egress,Walk and Talk,50,2,35.31586,1.415795,17.18741
Egress,Walk and Talk,50,2,32.12361,1.556488,17.79399
Egress,Walk and Talk,50,2,36.47336,1.370864,17.75842
Egress,Walk and Talk,50,2,35.13492,1.423086,17.99508
Egress,Walk and Talk,50,2,35.25262,1.418334,18.03679
Egress,Walk and Talk,50,2,34.33981,1.456036,17.76734
Egress,Walk and Talk,50,2,33.36108,1.498752,17.81551
Egress,Walk and Talk,50,2,33.01648,1.514395,17.5124
Egress,Walk and Talk,50,2,36.31738,1.376751,18.03537
Egress,Walk and Talk,50,2,32.78717,1.524987,17.47099
Egress,Walk and Talk,50,2,35.71011,1.400164,17.4679
Egress,Walk and Talk,50,2,36.58514,1.366675,17.90839
Egress,Walk and Talk,50,2,35.88635,1.393287,18.03607
Egress,Walk and Talk,50,2,35.7193,1.399804,17.62143
Egress,Walk and Talk,50,2,32.11316,1.556994,18.42935
Egress,Walk and Talk,50,2,35.00958,1.42818,17.91444
Egress,Walk and Talk,50,2,37.41272,1.336444,17.50957
Egress,Walk and Talk,50,2,35.03137,1.427292,18.4592
Egress,Walk and Talk,50,5,44.91269,1.113271,17.77932
Egress,Walk and Talk,50,5,36.83604,1.357366,17.85354
Egress,Walk and Talk,50,5,32.03803,1.560645,17.75241
Egress,Walk and Talk,50,5,36.0701,1.38619,17.83942
Egress,Walk and Talk,50,5,34.79474,1.436999,17.47759
Egress,Walk and Talk,50,5,36.53169,1.368675,17.47954
Egress,Walk and Talk,50,5,35.80713,1.39637,17.73042
Egress,Walk and Talk,50,5,37.17117,1.345128,17.12692
Egress,Walk and Talk,50,5,36.50687,1.369605,17.94242
Egress,Walk and Talk,50,5,33.20804,1.50566,17.06146
Egress,Walk and Talk,50,5,36.74271,1.360814,17.91092
Egress,Walk and Talk,50,5,33.65503,1.485662,17.90591
Egress,Walk and Talk,50,5,37.28351,1.341076,18.38768
Egress,Walk and Talk,50,5,30.08411,1.662007,17.7469
Egress,Walk and Talk,50,5,42.12543,1.186932,17.73852
Egress,Walk and Talk,50,5,37.79797,1.322822,17.63517
Egress,Walk and Talk,50,5,38.24023,1.307523,18.02844
Egress,Walk and Talk,50,5,37.22784,1.343081,17.97119
Egress,Walk and Talk,50,5,36.05701,1.386693,17.59828
Egress,Walk and Talk,50,5,35.26874,1.417686,18.38518
Egress,Walk and Talk,50,10,34.78815,1.437271,16.91991
Egress,Walk and Talk,50,10,33.97926,1.471486,16.93669
Egress,Walk and Talk,50,10,39.37481,1.269847,17.78951
Egress,Walk and Talk,50,10,38.76308,1.289887,17.81113
Egress,Walk and Talk,50,10,31.25273,1.59986,17.78857
Egress,Walk and Talk,50,10,37.01033,1.350974,17.65032
Egress,Walk and Talk,50,10,34.94734,1.430724,17.11624
Egress,Walk and Talk,50,10,36.18857,1.381652,17.45797
Egress,Walk and Talk,50,10,39.34048,1.270955,17.09483
Egress,Walk and Talk,50,10,43.94385,1.137816,18.10759
Egress,Walk and Talk,50,10,33.22104,1.50507,17.28525
Egress,Walk and Talk,50,10,33.59109,1.48849,17.72523
Egress,Walk and Talk,50,10,33.18933,1.506508,17.96131
Egress,Walk and Talk,50,10,38.42056,1.301386,18.3519
Egress,Walk and Talk,50,10,37.112,1.347273,18.00544
Egress,Walk and Talk,50,10,42.12177,1.187035,17.73294
Egress,Walk and Talk,50,10,35.53156,1.4072,17.74279
Egress,Walk and Talk,50,10,34.1734,1.463126,17.93523
Egress,Walk and Talk,50,10,36.63916,1.36466,17.70131
Egress,Walk and Talk,50,10,40.42371,1.236898,18.05043
Egress,Walk and Talk,50,20,43.21563,1.156989,17.6328
Egress,Walk and Talk,50,20,46.31588,1.079543,17.88416
Egress,Walk and Talk,50,20,41.22815,1.212764,17.86135
Egress,Walk and Talk,50,20,42.92487,1.164826,18.16448
Egress,Walk and Talk,50,20,37.25061,1.34226,17.09275
Egress,Walk and Talk,50,20,34.06409,1.467821,17.36101
Egress,Walk and Talk,50,20,43.0031,1.162707,17.982
Egress,Walk and Talk,50,20,45.39267,1.101499,17.6356
Egress,Walk and Talk,50,20,33.76294,1.480914,17.79617
Egress,Walk and Talk,50,20,38.77307,1.289555,17.89979
Egress,Walk and Talk,50,20,37.0083,1.351048,17.45672
Egress,Walk and Talk,50,20,34.60855,1.44473,17.37947
Egress,Walk and Talk,50,20,38.98779,1.282453,18.4213
Egress,Walk and Talk,50,20,38.80481,1.2885,18.05089
Egress,Walk and Talk,50,20,36.7619,1.360104,17.99409
Egress,Walk and Talk,50,20,39.15436,1.276997,17.34105
Egress,Walk and Talk,50,20,38.58124,1.295967,17.78135
Egress,Walk and Talk,50,20,38.34058,1.304101,18.30377
Egress,Walk and Talk,50,20,38.28137,1.306118,17.37652
Egress,Walk and Talk,50,20,42.80194,1.168171,17.82103
Egress,Walk and Talk,50,30,46.8567,1.067083,17.70004
Egress,Walk and Talk,50,30,36.91147,1.354593,18.38923
Egress,Walk and Talk,50,30,40.632,1.230557,17.7659
Egress,Walk and Talk,50,30,39.89532,1.25328,17.65516
Egress,Walk and Talk,50,30,41.5359,1.203778,17.48823
Egress,Walk and Talk,50,30,42.28697,1.182397,17.34875
Egress,Walk and Talk,50,30,37.14037,1.346244,17.67301
Egress,Walk and Talk,50,30,39.23303,1.274436,17.69191
Egress,Walk and Talk,50,30,37.05487,1.34935,17.43903
Egress,Walk and Talk,50,30,40.58655,1.231935,17.76406
Egress,Walk and Talk,50,30,37.07227,1.348717,17.74645
Egress,Walk and Talk,50,30,40.6987,1.22854,17.94466
Egress,Walk and Talk,50,30,38.01926,1.315123,17.23486
Egress,Walk and Talk,50,30,41.59552,1.202052,18.2135
Egress,Walk and Talk,50,30,39.06793,1.279822,17.97128
Egress,Walk and Talk,50,30,49.71655,1.005701,17.83102
Egress,Walk and Talk,50,30,35.099,1.424542,17.45378
Egress,Walk and Talk,50,30,40.34088,1.239437,17.7723
Egress,Walk and Talk,50,30,39.34216,1.270901,18.03608
Egress,Walk and Talk,50,30,46.08209,1.08502,18.24647
Egress,Walk and Talk,50,40,43.36039,1.153126,17.46491
Egress,Walk and Talk,50,40,40.20862,1.243514,17.68179
Egress,Walk and Talk,50,40,40.78905,1.225819,17.63594
Egress,Walk and Talk,50,40,40.70071,1.22848,17.83675
Egress,Walk and Talk,50,40,41.60565,1.20176,17.81069
Egress,Walk and Talk,50,40,34.27751,1.458682,17.79832
Egress,Walk and Talk,50,40,44.69289,1.118746,17.57811
Egress,Walk and Talk,50,40,38.88034,1.285997,16.94016
Egress,Walk and Talk,50,40,40.17029,1.244701,17.56689
Egress,Walk and Talk,50,40,41.70764,1.198821,17.54478
Egress,Walk and Talk,50,40,46.73767,1.069801,18.04803
Egress,Walk and Talk,50,40,47.97617,1.042184,18.06261
Egress,Walk and Talk,50,40,43.29407,1.154893,18.05031
Egress,Walk and Talk,50,40,43.66803,1.145002,17.11223
Egress,Walk and Talk,50,40,36.63135,1.364951,18.52797
Egress,Walk and Talk,50,40,37.35883,1.338372,17.4098
Egress,Walk and Talk,50,40,42.64429,1.17249,17.61153
Egress,Walk and Talk,50,40,40.47693,1.235272,17.64238
Egress,Walk and Talk,50,40,45.7276,1.093432,18.02078
Egress,Walk and Talk,50,40,40.9931,1.219717,17.26051
Egress,Walk and Talk,50,50,46.68909,1.070914,18.2379
Egress,Walk and Talk,50,50,45.554,1.097598,18.20824
Egress,Walk and Talk,50,50,44.0265,1.135679,17.28566
Egress,Walk and Talk,50,50,42.85747,1.166658,18.02819
Egress,Walk and Talk,50,50,40.81966,1.2249,17.70834
Egress,Walk and Talk,50,50,42.737,1.169946,17.53924
Egress,Walk and Talk,50,50,36.63541,1.3648,17.97791
Egress,Walk and Talk,50,50,40.21811,1.243221,17.77029
Egress,Walk and Talk,50,50,37.4397,1.335481,17.8939
Egress,Walk and Talk,50,50,40.6441,1.230191,16.69809
Egress,Walk and Talk,50,50,42.27505,1.182731,17.74366
Egress,Walk and Talk,50,50,36.01462,1.388325,17.72421
Egress,Walk and Talk,50,50,38.26721,1.306602,17.52189
Egress,Walk and Talk,50,50,37.40759,1.336627,17.64054
Egress,Walk and Talk,50,50,38.93945,1.284045,17.72148
Egress,Walk and Talk,50,50,45.07672,1.10922,17.81777
Egress,Walk and Talk,50,50,37.55353,1.331433,17.30949
Egress,Walk and Talk,50,50,42.20038,1.184824,17.24175
Egress,Walk and Talk,50,50,40.95935,1.220722,17.64176
Egress,Walk and Talk,50,50,43.78693,1.141893,17.21963
Egress,Walk and Read,50,1,35.10775,1.424187,17.62632
Egress,Walk and Read,50,1,32.41224,1.542627,17.14092
Egress,Walk and Read,50,1,36.80222,1.358614,18.03687
Egress,Walk and Read,50,1,33.25694,1.503446,17.76215
Egress,Walk and Read,50,1,34.24448,1.460089,18.27507
Egress,Walk and Read,50,1,38.55713,1.296777,17.7831
Egress,Walk and Read,50,1,35.2318,1.419173,17.75029
Egress,Walk and Read,50,1,33.75058,1.481456,18.31942
Egress,Walk and Read,50,1,32.17279,1.554108,18.12908
Egress,Walk and Read,50,1,33.32886,1.500201,17.82958
Egress,Walk and Read,50,1,36.0737,1.386051,17.434
Egress,Walk and Read,50,1,34.48462,1.449922,17.74982
Egress,Walk and Read,50,1,30.8848,1.618919,17.02845
Egress,Walk and Read,50,1,31.63275,1.58064,17.04936
Egress,Walk and Read,50,1,31.78812,1.572915,18.44662
Egress,Walk and Read,50,1,33.05023,1.512849,17.99884
Egress,Walk and Read,50,1,32.2149,1.552077,17.34186
Egress,Walk and Read,50,1,37.80328,1.322636,17.82262
Egress,Walk and Read,50,1,39.32037,1.271605,17.64346
Egress,Walk and Read,50,1,30.59674,1.634161,17.6442
Egress,Walk and Read,50,2,34.28699,1.458279,17.65659
Egress,Walk and Read,50,2,28.97072,1.725881,17.5861
Egress,Walk and Read,50,2,34.48605,1.449862,17.99746
Egress,Walk and Read,50,2,34.32867,1.456508,17.49951
Egress,Walk and Read,50,2,37.03107,1.350218,18.09943
Egress,Walk and Read,50,2,33.18445,1.50673,17.98969
Egress,Walk and Read,50,2,32.93575,1.518107,18.2323
Egress,Walk and Read,50,2,32.74701,1.526857,17.62396
Egress,Walk and Read,50,2,38.05368,1.313933,17.86734
Egress,Walk and Read,50,2,38.53458,1.297536,17.93715
Egress,Walk and Read,50,2,36.55658,1.367743,17.8427
Egress,Walk and Read,50,2,34.94785,1.430703,17.84435
Egress,Walk and Read,50,2,34.40198,1.453405,17.48251
Egress,Walk and Read,50,2,35.91864,1.392035,17.32688
Egress,Walk and Read,50,2,31.71603,1.57649,17.40741
Egress,Walk and Read,50,2,33.78522,1.479937,17.63599
Egress,Walk and Read,50,2,31.20935,1.602084,17.78621
Egress,Walk and Read,50,2,31.97113,1.563911,17.58801
Egress,Walk and Read,50,2,34.83441,1.435362,17.44929
Egress,Walk and Read,50,2,40.14874,1.245369,17.83416
Egress,Walk and Read,50,5,38.04073,1.314381,17.2547
Egress,Walk and Read,50,5,36.29586,1.377567,17.72082
Egress,Walk and Read,50,5,31.23199,1.600922,17.66512
Egress,Walk and Read,50,5,30.55408,1.636443,17.53587
Egress,Walk and Read,50,5,35.88052,1.393514,17.53474
Egress,Walk and Read,50,5,35.409,1.412071,18.64434
Egress,Walk and Read,50,5,30.26714,1.651957,17.16687
Egress,Walk and Read,50,5,34.65039,1.442985,17.82879
Egress,Walk and Read,50,5,31.42389,1.591146,17.56036
Egress,Walk and Read,50,5,34.38034,1.454319,17.92345
Egress,Walk and Read,50,5,32.4812,1.539352,17.22102
Egress,Walk and Read,50,5,31.7507,1.574768,18.14766
Egress,Walk and Read,50,5,38.32578,1.304605,17.77192
Egress,Walk and Read,50,5,30.89841,1.618206,17.39913
Egress,Walk and Read,50,5,33.21338,1.505417,17.96527
Egress,Walk and Read,50,5,32.69843,1.529126,17.71002
Egress,Walk and Read,50,5,31.53955,1.585311,17.54794
Egress,Walk and Read,50,5,31.49469,1.587569,17.7508
Egress,Walk and Read,50,5,32.18384,1.553575,17.42122
Egress,Walk and Read,50,5,34.04779,1.468524,17.86308
Egress,Walk and Read,50,10,34.61071,1.44464,18.13981
Egress,Walk and Read,50,10,30.08974,1.661696,18.38819
Egress,Walk and Read,50,10,32.45202,1.540736,17.12049
Egress,Walk and Read,50,10,39.1774,1.276246,17.64791
Egress,Walk and Read,50,10,34.76968,1.438034,17.19095
Egress,Walk and Read,50,10,35.53128,1.407211,17.90726
Egress,Walk and Read,50,10,33.96767,1.471988,17.79083
Egress,Walk and Read,50,10,33.63499,1.486547,18.13558
Egress,Walk and Read,50,10,31.08118,1.608691,18.12393
Egress,Walk and Read,50,10,33.30249,1.501389,17.66958
Egress,Walk and Read,50,10,33.31546,1.500805,17.96861
Egress,Walk and Read,50,10,32.70221,1.528949,18.16041
Egress,Walk and Read,50,10,33.74817,1.481562,18.09677
Egress,Walk and Read,50,10,31.68124,1.578221,17.70889
Egress,Walk and Read,50,10,35.18457,1.421077,17.54363
Egress,Walk and Read,50,10,36.08347,1.385676,17.79996
Egress,Walk and Read,50,10,32.19562,1.553006,17.45267
Egress,Walk and Read,50,10,34.51563,1.448619,18.20531
Egress,Walk and Read,50,10,35.66962,1.401753,18.00294
Egress,Walk and Read,50,10,34.67218,1.442078,17.53854
Egress,Walk and Read,50,20,35.3131,1.415905,17.07089
Egress,Walk and Read,50,20,35.10059,1.424477,17.53551
Egress,Walk and Read,50,20,33.62814,1.48685,17.71873
Egress,Walk and Read,50,20,36.98342,1.351957,18.09296
Egress,Walk and Read,50,20,32.03477,1.560804,18.17807
Egress,Walk and Read,50,20,34.85844,1.434373,17.88158
Egress,Walk and Read,50,20,33.69443,1.483925,17.93715
Egress,Walk and Read,50,20,33.25252,1.503646,17.44583
Egress,Walk and Read,50,20,31.84882,1.569917,17.7606
Egress,Walk and Read,50,20,34.95108,1.430571,18.24753
Egress,Walk and Read,50,20,30.39188,1.645177,18.14433
Egress,Walk and Read,50,20,32.01251,1.561889,17.991
Egress,Walk and Read,50,20,30.58942,1.634552,17.69232
Egress,Walk and Read,50,20,36.46954,1.371007,17.83003
Egress,Walk and Read,50,20,35.08014,1.425308,18.49942
Egress,Walk and Read,50,20,36.21313,1.380715,18.53454
Egress,Walk and Read,50,20,32.60754,1.533388,17.506
Egress,Walk and Read,50,20,33.38696,1.497591,17.97504
Egress,Walk and Read,50,20,34.81769,1.436052,17.83827
Egress,Walk and Read,50,20,35.5741,1.405517,17.34412
Egress,Walk and Read,50,30,36.0854,1.385602,17.43974
Egress,Walk and Read,50,30,33.75103,1.481436,17.65346
Egress,Walk and Read,50,30,30.00327,1.666485,17.17332
Egress,Walk and Read,50,30,35.27527,1.417424,18.13755
Egress,Walk and Read,50,30,34.21098,1.461519,17.705
Egress,Walk and Read,50,30,36.61696,1.365488,18.28869
Egress,Walk and Read,50,30,31.51387,1.586603,18.30896
Egress,Walk and Read,50,30,32.93336,1.518217,17.47029
Egress,Walk and Read,50,30,30.1788,1.656792,17.23774
Egress,Walk and Read,50,30,32.16974,1.554256,17.12912
Egress,Walk and Read,50,30,34.32065,1.456849,17.44567
Egress,Walk and Read,50,30,31.51895,1.586347,18.28153
Egress,Walk and Read,50,30,29.51135,1.694263,17.70556
Egress,Walk and Read,50,30,33.52017,1.491639,17.00885
Egress,Walk and Read,50,30,33.85043,1.477086,18.09593
Egress,Walk and Read,50,30,33.42178,1.49603,17.73244
Egress,Walk and Read,50,30,34.93097,1.431395,18.04445
Egress,Walk and Read,50,30,35.73425,1.399218,18.06528
Egress,Walk and Read,50,30,32.64288,1.531727,17.27355
Egress,Walk and Read,50,30,32.93427,1.518176,17.8936
Egress,Walk and Read,50,40,33.33255,1.500035,17.71716
Egress,Walk and Read,50,40,34.81597,1.436123,17.75017
Egress,Walk and Read,50,40,31.51086,1.586754,18.07101
Egress,Walk and Read,50,40,34.75388,1.438688,17.55324
Egress,Walk and Read,50,40,33.90529,1.474696,17.92163
Egress,Walk and Read,50,40,32.61325,1.533119,18.25927
Egress,Walk and Read,50,40,32.77885,1.525374,18.62301
Egress,Walk and Read,50,40,29.48666,1.695682,18.71835
Egress,Walk and Read,50,40,30.89377,1.618449,17.46654
Egress,Walk and Read,50,40,35.15356,1.422331,18.44234
Egress,Walk and Read,50,40,31.07098,1.609218,17.6456
Egress,Walk and Read,50,40,32.71811,1.528206,18.11637
Egress,Walk and Read,50,40,34.01923,1.469757,18.40003
Egress,Walk and Read,50,40,31.60419,1.582069,18.69881
Egress,Walk and Read,50,40,31.53107,1.585738,17.4623
Egress,Walk and Read,50,40,33.33789,1.499795,17.56772
Egress,Walk and Read,50,40,34.76068,1.438407,17.6612
Egress,Walk and Read,50,40,31.74133,1.575233,18.18767
Egress,Walk and Read,50,40,36.33185,1.376203,18.148
Egress,Walk and Read,50,40,32.85101,1.522023,17.71234
Egress,Walk and Read,50,50,36.82648,1.357719,18.20124
Egress,Walk and Read,50,50,35.28576,1.417002,18.24673
Egress,Walk and Read,50,50,31.30746,1.597064,17.61389
Egress,Walk and Read,50,50,30.84037,1.621252,17.91274
Egress,Walk and Read,50,50,30.92813,1.616651,17.80827
Egress,Walk and Read,50,50,33.14865,1.508357,17.7017
Egress,Walk and Read,50,50,32.55164,1.536021,17.46824
Egress,Walk and Read,50,50,31.38715,1.593009,17.87132
Egress,Walk and Read,50,50,32.62665,1.53249,17.36413
Egress,Walk and Read,50,50,33.68671,1.484265,18.19189
Egress,Walk and Read,50,50,31.26968,1.598993,18.02176
Egress,Walk and Read,50,50,29.69998,1.683503,18.27002
Egress,Walk and Read,50,50,31.841,1.570302,17.86583
Egress,Walk and Read,50,50,32.69821,1.529136,17.72181
Egress,Walk and Read,50,50,32.52017,1.537507,18.67379
Egress,Walk and Read,50,50,29.46179,1.697113,17.59166
Egress,Walk and Read,50,50,31.8999,1.567403,17.45701
Egress,Walk and Read,50,50,32.07172,1.559006,17.13174
Egress,Walk and Read,50,50,32.21252,1.552191,18.58984
Egress,Walk and Read,50,50,28.93872,1.727789,17.95699
Crossing Groups,No distraction,50,0,22.10442,2.261991,19.04914
Crossing Groups,No distraction,50,0,18.89336,2.646433,19.30254
Crossing Groups,No distraction,50,0,18.65813,2.679797,18.71201
Crossing Groups,No distraction,50,0,18.32904,2.727912,18.9327
Crossing Groups,No distraction,50,0,18.66974,2.678131,19.29293
Crossing Groups,No distraction,50,0,18.44556,2.71068,19.32062
Crossing Groups,No distraction,50,0,18.83212,2.655038,19.05803
Crossing Groups,No distraction,50,0,18.54945,2.695497,19.13473
Crossing Groups,No distraction,50,0,19.20952,2.602876,19.27353
Crossing Groups,No distraction,50,0,19.32201,2.587723,19.30686
Crossing Groups,No distraction,50,0,18.71031,2.672323,19.34302
Crossing Groups,No distraction,50,0,18.75165,2.666432,19.2074
Crossing Groups,No distraction,50,0,18.99408,2.632399,19.15027
Crossing Groups,No distraction,50,0,18.80409,2.658996,19.05182
Crossing Groups,No distraction,50,0,19.67639,2.541116,19.05271
Crossing Groups,No distraction,50,0,18.75879,2.665417,19.15204
Crossing Groups,No distraction,50,0,18.71472,2.671694,19.19302
Crossing Groups,No distraction,50,0,20.41367,2.44934,18.91462
Crossing Groups,No distraction,50,0,18.56281,2.693558,19.20207
Crossing Groups,No distraction,50,0,19.43698,2.572416,19.14575
Crossing Groups,Walk and Text,50,1,21.86662,2.28659,19.32557
Crossing Groups,Walk and Text,50,1,21.97228,2.275594,19.17601
Crossing Groups,Walk and Text,50,1,19.04596,2.625229,19.22642
Crossing Groups,Walk and Text,50,1,21.40923,2.335442,19.13183
Crossing Groups,Walk and Text,50,1,19.11616,2.615588,19.25229
Crossing Groups,Walk and Text,50,1,22.77958,2.194948,19.37403
Crossing Groups,Walk and Text,50,1,20.87183,2.395573,19.28272
Crossing Groups,Walk and Text,50,1,21.72882,2.301091,19.20944
Crossing Groups,Walk and Text,50,1,22.11327,2.261086,19.29371
Crossing Groups,Walk and Text,50,1,21.96614,2.276231,19.15399
Crossing Groups,Walk and Text,50,1,19.20372,2.603662,19.48012
Crossing Groups,Walk and Text,50,1,19.45612,2.569886,19.30344
Crossing Groups,Walk and Text,50,1,22.18655,2.253617,19.24741
Crossing Groups,Walk and Text,50,1,20.4256,2.447909,19.15414
Crossing Groups,Walk and Text,50,1,21.10687,2.368897,19.45174
Crossing Groups,Walk and Text,50,1,19.31186,2.589083,19.23424
Crossing Groups,Walk and Text,50,1,21.52887,2.322463,19.66051
Crossing Groups,Walk and Text,50,1,18.86972,2.649748,19.25482
Crossing Groups,Walk and Text,50,1,18.9592,2.637242,19.28877
Crossing Groups,Walk and Text,50,1,20.13547,2.483181,19.24175
Crossing Groups,Walk and Text,50,2,23.77888,2.102706,19.09531
Crossing Groups,Walk and Text,50,2,23.45559,2.131688,19.25158
Crossing Groups,Walk and Text,50,2,19.38094,2.579854,19.26713
Crossing Groups,Walk and Text,50,2,20.56789,2.430973,19.18993
Crossing Groups,Walk and Text,50,2,20.1877,2.476756,18.95732
Crossing Groups,Walk and Text,50,2,19.50522,2.563416,19.42345
Crossing Groups,Walk and Text,50,2,20.76087,2.408377,19.43475
Crossing Groups,Walk and Text,50,2,21.83186,2.290231,19.31742
Crossing Groups,Walk and Text,50,2,19.79045,2.526471,19.25888
Crossing Groups,Walk and Text,50,2,21.46776,2.329074,19.45548
Crossing Groups,Walk and Text,50,2,21.07271,2.372737,19.30572
Crossing Groups,Walk and Text,50,2,21.44344,2.331716,19.51835
Crossing Groups,Walk and Text,50,2,20.51932,2.436728,18.72451
Crossing Groups,Walk and Text,50,2,21.67361,2.306952,19.26292
Crossing Groups,Walk and Text,50,2,20.349,2.457123,19.39056
Crossing Groups,Walk and Text,50,2,20.77036,2.407277,19.30961
Crossing Groups,Walk and Text,50,2,23.48129,2.129355,19.46272
Crossing Groups,Walk and Text,50,2,21.92801,2.280189,19.32096
Crossing Groups,Walk and Text,50,2,22.14902,2.257437,18.97068
Crossing Groups,Walk and Text,50,2,21.99707,2.27303,19.15322
Crossing Groups,Walk and Text,50,5,25.09138,1.992716,19.35134
Crossing Groups,Walk and Text,50,5,24.35015,2.053376,19.18916
Crossing Groups,Walk and Text,50,5,23.01549,2.17245,19.59136
Crossing Groups,Walk and Text,50,5,24.39723,2.049413,19.29903
Crossing Groups,Walk and Text,50,5,23.06197,2.168072,19.32904
Crossing Groups,Walk and Text,50,5,23.26593,2.149065,19.43313
Crossing Groups,Walk and Text,50,5,22.20677,2.251565,19.38765
Crossing Groups,Walk and Text,50,5,24.87349,2.010172,19.3832
Crossing Groups,Walk and Text,50,5,23.68605,2.110947,19.0417
Crossing Groups,Walk and Text,50,5,24.91382,2.006918,19.43998
Crossing Groups,Walk and Text,50,5,22.21005,2.251233,19.46868
Crossing Groups,Walk and Text,50,5,22.61777,2.210651,19.20928
Crossing Groups,Walk and Text,50,5,22.61057,2.211356,19.34778
Crossing Groups,Walk and Text,50,5,22.62927,2.209527,19.22241
Crossing Groups,Walk and Text,50,5,22.3956,2.232581,19.00393
Crossing Groups,Walk and Text,50,5,26.30005,1.901137,19.06724
Crossing Groups,Walk and Text,50,5,22.23441,2.248767,19.24087
Crossing Groups,Walk and Text,50,5,25.58096,1.954579,19.15882
Crossing Groups,Walk and Text,50,5,20.84991,2.398091,19.53003
Crossing Groups,Walk and Text,50,5,24.00851,2.082594,19.13238
Crossing Groups,Walk and Text,50,10,27.43479,1.822503,19.36752
Crossing Groups,Walk and Text,50,10,26.5936,1.880152,19.53924
Crossing Groups,Walk and Text,50,10,23.86778,2.094874,19.35486
Crossing Groups,Walk and Text,50,10,22.95836,2.177856,19.47656
Crossing Groups,Walk and Text,50,10,23.78118,2.102503,19.53764
Crossing Groups,Walk and Text,50,10,30.67387,1.630052,19.49923
Crossing Groups,Walk and Text,50,10,26.74861,1.869256,19.10946
Crossing Groups,Walk and Text,50,10,24.54355,2.037195,19.35212
Crossing Groups,Walk and Text,50,10,22.8688,2.186384,19.44172
Crossing Groups,Walk and Text,50,10,22.92941,2.180605,19.54667
Crossing Groups,Walk and Text,50,10,26.13397,1.913218,19.29936
Crossing Groups,Walk and Text,50,10,24.6283,2.030185,19.15994
Crossing Groups,Walk and Text,50,10,26.9736,1.853664,19.36268
Crossing Groups,Walk and Text,50,10,24.48633,2.041956,19.86448
Crossing Groups,Walk and Text,50,10,31.21246,1.601924,19.65658
Crossing Groups,Walk and Text,50,10,22.76498,2.196356,19.16325
Crossing Groups,Walk and Text,50,10,28.40277,1.760392,19.4107
Crossing Groups,Walk and Text,50,10,24.74377,2.02071,19.37725
Crossing Groups,Walk and Text,50,10,23.33386,2.142809,19.11997
Crossing Groups,Walk and Text,50,10,24.99155,2.000676,19.28585
Crossing Groups,Walk and Text,50,20,30.6717,1.630167,19.63812
Crossing Groups,Walk and Text,50,20,25.52519,1.958849,19.38783
Crossing Groups,Walk and Text,50,20,30.73025,1.627061,19.54795
Crossing Groups,Walk and Text,50,20,27.57901,1.812973,19.69065
Crossing Groups,Walk and Text,50,20,29.26424,1.70857,19.87028
Crossing Groups,Walk and Text,50,20,30.71014,1.628127,19.87588
Crossing Groups,Walk and Text,50,20,28.42873,1.758784,19.85083
Crossing Groups,Walk and Text,50,20,30.91817,1.617172,19.72864
Crossing Groups,Walk and Text,50,20,32.32452,1.546813,19.91946
Crossing Groups,Walk and Text,50,20,34.49094,1.449656,19.89279
Crossing Groups,Walk and Text,50,20,26.47049,1.888896,19.42393
Crossing Groups,Walk and Text,50,20,27.35541,1.827792,19.42717
Crossing Groups,Walk and Text,50,20,24.18442,2.067447,19.33847
Crossing Groups,Walk and Text,50,20,30.48389,1.640211,19.53484
Crossing Groups,Walk and Text,50,20,29.3197,1.705338,19.54644
Crossing Groups,Walk and Text,50,20,31.5094,1.586828,19.41627
Crossing Groups,Walk and Text,50,20,29.34314,1.703976,19.47935
Crossing Groups,Walk and Text,50,20,28.48431,1.755352,19.42324
Crossing Groups,Walk and Text,50,20,36.57159,1.367181,19.61396
Crossing Groups,Walk and Text,50,20,28.94464,1.727435,19.73055
Crossing Groups,Walk and Text,50,30,38.99426,1.28224,19.71803
Crossing Groups,Walk and Text,50,30,31.01696,1.612021,19.66832
Crossing Groups,Walk and Text,50,30,33.22327,1.504969,19.92434
Crossing Groups,Walk and Text,50,30,30.89246,1.618518,19.84431
Crossing Groups,Walk and Text,50,30,35.74765,1.398693,19.77197
Crossing Groups,Walk and Text,50,30,26.02719,1.921068,19.53403
Crossing Groups,Walk and Text,50,30,29.42513,1.699228,19.65702
Crossing Groups,Walk and Text,50,30,29.87505,1.673638,19.7075
Crossing Groups,Walk and Text,50,30,38.03346,1.314632,19.87554
Crossing Groups,Walk and Text,50,30,32.2056,1.552525,19.9917
Crossing Groups,Walk and Text,50,30,37.21008,1.343722,19.91951
Crossing Groups,Walk and Text,50,30,37.93759,1.317954,19.65276
Crossing Groups,Walk and Text,50,30,32.0697,1.559104,19.62312
Crossing Groups,Walk and Text,50,30,34.22882,1.460757,19.69687
Crossing Groups,Walk and Text,50,30,35.91266,1.392267,19.83643
Crossing Groups,Walk and Text,50,30,37.19348,1.344322,20.12278
Crossing Groups,Walk and Text,50,30,31.29816,1.597538,19.77057
Crossing Groups,Walk and Text,50,30,44.5545,1.122221,19.70275
Crossing Groups,Walk and Text,50,30,29.11969,1.717051,19.79749
Crossing Groups,Walk and Text,50,30,31.04547,1.610541,19.59876
Crossing Groups,Walk and Text,50,40,31.16811,1.604204,19.68092
Crossing Groups,Walk and Text,50,40,33.71029,1.483227,19.89058
Crossing Groups,Walk and Text,50,40,34.19865,1.462046,19.80479
Crossing Groups,Walk and Text,50,40,34.09338,1.46656,19.88997
Crossing Groups,Walk and Text,50,40,35.49614,1.408604,20.04286
Crossing Groups,Walk and Text,50,40,29.36429,1.702749,19.79485
Crossing Groups,Walk and Text,50,40,34.27832,1.458648,19.91358
Crossing Groups,Walk and Text,50,40,32.59933,1.533774,19.82458
Crossing Groups,Walk and Text,50,40,30.5773,1.6352,19.4732
Crossing Groups,Walk and Text,50,40,30.04419,1.664215,19.93849
Crossing Groups,Walk and Text,50,40,33.30798,1.501142,19.73646
Crossing Groups,Walk and Text,50,40,32.75061,1.526689,19.78882
Crossing Groups,Walk and Text,50,40,32.08197,1.558508,19.9795
Crossing Groups,Walk and Text,50,40,37.53864,1.331961,19.9572
Crossing Groups,Walk and Text,50,40,32.39929,1.543244,19.94181
Crossing Groups,Walk and Text,50,40,33.06894,1.511993,19.99649
Crossing Groups,Walk and Text,50,40,29.85309,1.674869,20.16589
Crossing Groups,Walk and Text,50,40,33.85602,1.476842,19.72851
Crossing Groups,Walk and Text,50,40,29.68903,1.684124,19.86509
Crossing Groups,Walk and Text,50,40,28.82068,1.734865,19.70325
Crossing Groups,Walk and Text,50,50,41.12214,1.21589,20.12531
Crossing Groups,Walk and Text,50,50,32.90262,1.519636,20.25251
Crossing Groups,Walk and Text,50,50,35.17204,1.421584,20.01995
Crossing Groups,Walk and Text,50,50,36.01977,1.388127,19.94077
Crossing Groups,Walk and Text,50,50,38.43436,1.300919,20.02797
Crossing Groups,Walk and Text,50,50,31.13907,1.6057,19.84578
Crossing Groups,Walk and Text,50,50,30.75444,1.625782,20.11998
Crossing Groups,Walk and Text,50,50,32.13593,1.555891,19.86052
Crossing Groups,Walk and Text,50,50,29.49326,1.695303,19.90627
Crossing Groups,Walk and Text,50,50,35.5719,1.405604,19.74391
Crossing Groups,Walk and Text,50,50,43.47006,1.150217,20.24158
Crossing Groups,Walk and Text,50,50,41.05389,1.217911,20.25063
Crossing Groups,Walk and Text,50,50,35.875,1.393728,20.33587
Crossing Groups,Walk and Text,50,50,39.91721,1.252593,20.43446
Crossing Groups,Walk and Text,50,50,32.86404,1.52142,19.66944
Crossing Groups,Walk and Text,50,50,36.06543,1.386369,20.23796
Crossing Groups,Walk and Text,50,50,31.34845,1.594975,19.6739
Crossing Groups,Walk and Text,50,50,34.46466,1.450761,20.10155
Crossing Groups,Walk and Text,50,50,35.13257,1.423181,20.19528
Crossing Groups,Walk and Text,50,50,39.61163,1.262255,19.97694
Crossing Groups,Walk and Talk,50,1,22.54725,2.217565,19.11213
Crossing Groups,Walk and Talk,50,1,20.45621,2.444245,19.42215
Crossing Groups,Walk and Talk,50,1,21.65503,2.308932,18.96327
Crossing Groups,Walk and Talk,50,1,19.28694,2.592428,19.25473
Crossing Groups,Walk and Talk,50,1,18.95008,2.638511,19.07109
Crossing Groups,Walk and Talk,50,1,20.28812,2.464497,19.35319
Crossing Groups,Walk and Talk,50,1,18.99214,2.632668,19.29094
Crossing Groups,Walk and Talk,50,1,19.17801,2.607153,19.14468
Crossing Groups,Walk and Talk,50,1,19.94852,2.506452,19.1465
Crossing Groups,Walk and Talk,50,1,22.09718,2.262732,19.11117
Crossing Groups,Walk and Talk,50,1,20.06691,2.491664,19.20111
Crossing Groups,Walk and Talk,50,1,20.36568,2.455111,19.17752
Crossing Groups,Walk and Talk,50,1,20.26476,2.467338,19.54549
Crossing Groups,Walk and Talk,50,1,22.90399,2.183026,19.10238
Crossing Groups,Walk and Talk,50,1,19.91586,2.510561,19.14299
Crossing Groups,Walk and Talk,50,1,21.5976,2.315073,19.54203
Crossing Groups,Walk and Talk,50,1,19.21127,2.602638,19.25744
Crossing Groups,Walk and Talk,50,1,19.63852,2.546017,19.19848
Crossing Groups,Walk and Talk,50,1,20.27527,2.466058,19.15313
Crossing Groups,Walk and Talk,50,1,21.5246,2.322924,19.48619
Crossing Groups,Walk and Talk,50,2,23.78593,2.102083,19.39853
Crossing Groups,Walk and Talk,50,2,18.50769,2.70158,19.04842
Crossing Groups,Walk and Talk,50,2,19.96877,2.503911,19.2363
Crossing Groups,Walk and Talk,50,2,21.46559,2.32931,19.09243
Crossing Groups,Walk and Talk,50,2,20.25163,2.468938,19.32007
Crossing Groups,Walk and Talk,50,2,22.15421,2.256907,19.17469
Crossing Groups,Walk and Talk,50,2,23.19338,2.155787,19.22052
Crossing Groups,Walk and Talk,50,2,20.69659,2.415856,19.29727
Crossing Groups,Walk and Talk,50,2,19.54117,2.558701,18.93505
Crossing Groups,Walk and Talk,50,2,21.31601,2.345655,19.39499
Crossing Groups,Walk and Talk,50,2,20.42377,2.448128,19.36842
Crossing Groups,Walk and Talk,50,2,19.77101,2.528955,19.17823
Crossing Groups,Walk and Talk,50,2,21.07477,2.372505,19.03744
Crossing Groups,Walk and Talk,50,2,21.93707,2.279247,19.65985
Crossing Groups,Walk and Talk,50,2,22.25052,2.247139,19.45771
Crossing Groups,Walk and Talk,50,2,21.28305,2.349287,18.87051
Crossing Groups,Walk and Talk,50,2,21.82843,2.290591,19.49533
Crossing Groups,Walk and Talk,50,2,20.44434,2.445665,19.26905
Crossing Groups,Walk and Talk,50,2,21.53848,2.321426,19.25581
Crossing Groups,Walk and Talk,50,2,19.59634,2.551496,19.19215
Crossing Groups,Walk and Talk,50,5,24.88552,2.009201,19.04076
Crossing Groups,Walk and Talk,50,5,21.93609,2.279349,19.18649
Crossing Groups,Walk and Talk,50,5,20.7456,2.41015,19.11191
Crossing Groups,Walk and Talk,50,5,21.20741,2.357666,19.21502
Crossing Groups,Walk and Talk,50,5,21.63642,2.310918,19.25298
Crossing Groups,Walk and Talk,50,5,21.48669,2.327022,19.17974
Crossing Groups,Walk and Talk,50,5,21.59641,2.3152,19.15625
Crossing Groups,Walk and Talk,50,5,20.69463,2.416086,19.30236
Crossing Groups,Walk and Talk,50,5,21.528,2.322557,19.20193
Crossing Groups,Walk and Talk,50,5,21.10515,2.36909,19.19281
Crossing Groups,Walk and Talk,50,5,21.82458,2.290994,19.45723
Crossing Groups,Walk and Talk,50,5,21.56868,2.318176,19.08472
Crossing Groups,Walk and Talk,50,5,22.19333,2.252929,19.659
Crossing Groups,Walk and Talk,50,5,20.38989,2.452195,19.10073
Crossing Groups,Walk and Talk,50,5,22.9646,2.177264,19.21212
Crossing Groups,Walk and Talk,50,5,21.77515,2.296196,19.31059
Crossing Groups,Walk and Talk,50,5,21.03241,2.377284,19.08518
Crossing Groups,Walk and Talk,50,5,21.66934,2.307407,19.14
Crossing Groups,Walk and Talk,50,5,22.388,2.233339,19.33773
Crossing Groups,Walk and Talk,50,5,20.35162,2.456806,19.25554
Crossing Groups,Walk and Talk,50,10,24.75695,2.019635,19.1566
Crossing Groups,Walk and Talk,50,10,21.70447,2.303673,19.12428
Crossing Groups,Walk and Talk,50,10,22.10251,2.262187,19.2607
Crossing Groups,Walk and Talk,50,10,22.27228,2.244943,19.30507
Crossing Groups,Walk and Talk,50,10,22.12576,2.25981,19.15237
Crossing Groups,Walk and Talk,50,10,23.40608,2.136197,19.28433
Crossing Groups,Walk and Talk,50,10,21.88147,2.285038,19.35393
Crossing Groups,Walk and Talk,50,10,21.1747,2.361309,19.28822
Crossing Groups,Walk and Talk,50,10,23.05257,2.168956,19.31593
Crossing Groups,Walk and Talk,50,10,22.23766,2.248438,19.65735
Crossing Groups,Walk and Talk,50,10,21.93869,2.279079,19.46812
Crossing Groups,Walk and Talk,50,10,21.13017,2.366285,19.05289
Crossing Groups,Walk and Talk,50,10,22.00723,2.27198,18.96928
Crossing Groups,Walk and Talk,50,10,21.10135,2.369517,19.20208
Crossing Groups,Walk and Talk,50,10,21.33176,2.343923,19.31328
Crossing Groups,Walk and Talk,50,10,21.43835,2.332268,19.53728
Crossing Groups,Walk and Talk,50,10,21.75449,2.298377,19.31165
Crossing Groups,Walk and Talk,50,10,21.23602,2.35449,19.06811
Crossing Groups,Walk and Talk,50,10,22.39102,2.233038,19.14938
Crossing Groups,Walk and Talk,50,10,22.16611,2.255696,19.54973
Crossing Groups,Walk and Talk,50,20,25.78064,1.93944,19.23289
Crossing Groups,Walk and Talk,50,20,24.01452,2.082074,19.09576
Crossing Groups,Walk and Talk,50,20,21.98907,2.273857,19.16803
Crossing Groups,Walk and Talk,50,20,22.79562,2.193403,19.18825
Crossing Groups,Walk and Talk,50,20,22.17425,2.254868,19.149
Crossing Groups,Walk and Talk,50,20,22.09551,2.262903,18.88737
Crossing Groups,Walk and Talk,50,20,22.79205,2.193747,19.55508
Crossing Groups,Walk and Talk,50,20,23.15579,2.159287,19.30936
Crossing Groups,Walk and Talk,50,20,22.43399,2.228761,19.49497
Crossing Groups,Walk and Talk,50,20,22.42537,2.229618,18.96203
Crossing Groups,Walk and Talk,50,20,22.58469,2.21389,19.33494
Crossing Groups,Walk and Talk,50,20,23.22218,2.153114,19.11052
Crossing Groups,Walk and Talk,50,20,22.09058,2.263409,19.41799
Crossing Groups,Walk and Talk,50,20,22.07901,2.264594,19.21461
Crossing Groups,Walk and Talk,50,20,22.55786,2.216522,19.08176
Crossing Groups,Walk and Talk,50,20,22.14124,2.25823,19.23897
Crossing Groups,Walk and Talk,50,20,22.70313,2.20234,19.2901
Crossing Groups,Walk and Talk,50,20,21.89401,2.283729,19.14253
Crossing Groups,Walk and Talk,50,20,21.9075,2.282323,18.92347
Crossing Groups,Walk and Talk,50,20,21.74142,2.299757,19.13769
Crossing Groups,Walk and Talk,50,30,25.96297,1.92582,19.14412
Crossing Groups,Walk and Talk,50,30,23.24755,2.150765,19.40862
Crossing Groups,Walk and Talk,50,30,23.54667,2.123443,19.17658
Crossing Groups,Walk and Talk,50,30,22.89773,2.183623,19.2981
Crossing Groups,Walk and Talk,50,30,22.68576,2.204026,19.04605
Crossing Groups,Walk and Talk,50,30,26.97094,1.853847,19.5325
Crossing Groups,Walk and Talk,50,30,22.97948,2.175855,19.20197
Crossing Groups,Walk and Talk,50,30,22.9398,2.179618,19.5678
Crossing Groups,Walk and Talk,50,30,22.91289,2.182178,19.59615
Crossing Groups,Walk and Talk,50,30,28.33652,1.764508,19.3674
Crossing Groups,Walk and Talk,50,30,22.9258,2.180949,19.40141
Crossing Groups,Walk and Talk,50,30,22.84744,2.188429,19.30543
Crossing Groups,Walk and Talk,50,30,23.54974,2.123165,19.2462
Crossing Groups,Walk and Talk,50,30,24.2597,2.061031,19.24466
Crossing Groups,Walk and Talk,50,30,25.08435,1.993275,19.3908
Crossing Groups,Walk and Talk,50,30,22.91635,2.181848,19.20298
Crossing Groups,Walk and Talk,50,30,23.18689,2.156391,19.26518
Crossing Groups,Walk and Talk,50,30,24.2059,2.065612,19.46136
Crossing Groups,Walk and Talk,50,30,24.24002,2.062705,19.38259
Crossing Groups,Walk and Talk,50,30,22.87253,2.186028,19.31777
Crossing Groups,Walk and Talk,50,40,26.17216,1.910427,19.19943
Crossing Groups,Walk and Talk,50,40,23.10499,2.164035,19.3355
Crossing Groups,Walk and Talk,50,40,23.08752,2.165673,19.09351
Crossing Groups,Walk and Talk,50,40,24.32243,2.055715,19.31069
Crossing Groups,Walk and Talk,50,40,23.36749,2.139725,19.47349
Crossing Groups,Walk and Talk,50,40,23.0826,2.166133,19.10654
Crossing Groups,Walk and Talk,50,40,22.46391,2.225792,19.09762
Crossing Groups,Walk and Talk,50,40,22.48196,2.224005,19.43083
Crossing Groups,Walk and Talk,50,40,25.55052,1.956907,19.52032
Crossing Groups,Walk and Talk,50,40,23.16649,2.15829,19.4048
Crossing Groups,Walk and Talk,50,40,23.54749,2.123369,19.22847
Crossing Groups,Walk and Talk,50,40,23.05161,2.169046,19.26673
Crossing Groups,Walk and Talk,50,40,23.38199,2.138398,18.95162
Crossing Groups,Walk and Talk,50,40,23.62015,2.116837,18.79372
Crossing Groups,Walk and Talk,50,40,23.06186,2.168082,19.05537
Crossing Groups,Walk and Talk,50,40,23.18719,2.156363,19.33815
Crossing Groups,Walk and Talk,50,40,23.3714,2.139367,18.99113
Crossing Groups,Walk and Talk,50,40,23.65509,2.11371,18.98319
Crossing Groups,Walk and Talk,50,40,24.05743,2.07836,19.19938
Crossing Groups,Walk and Talk,50,40,24.20551,2.065646,19.41334
Crossing Groups,Walk and Talk,50,50,26.85529,1.86183,19.11449
Crossing Groups,Walk and Talk,50,50,25.22575,1.982102,19.2565
Crossing Groups,Walk and Talk,50,50,23.07951,2.166424,19.23717
Crossing Groups,Walk and Talk,50,50,24.31745,2.056137,19.61231
Crossing Groups,Walk and Talk,50,50,23.60968,2.117775,19.11535
Crossing Groups,Walk and Talk,50,50,23.42109,2.134828,19.34993
Crossing Groups,Walk and Talk,50,50,23.56512,2.12178,19.3825
Crossing Groups,Walk and Talk,50,50,23.31926,2.14415,19.17009
Crossing Groups,Walk and Talk,50,50,23.31949,2.144129,19.40691
Crossing Groups,Walk and Talk,50,50,24.85715,2.011494,19.21566
Crossing Groups,Walk and Talk,50,50,23.68216,2.111294,19.3294
Crossing Groups,Walk and Talk,50,50,25.69388,1.945989,19.25883
Crossing Groups,Walk and Talk,50,50,23.5849,2.120001,19.32362
Crossing Groups,Walk and Talk,50,50,24.94046,2.004775,19.2826
Crossing Groups,Walk and Talk,50,50,23.99033,2.084173,19.18641
Crossing Groups,Walk and Talk,50,50,24.65237,2.028202,19.34447
Crossing Groups,Walk and Talk,50,50,24.20673,2.065542,19.45302
Crossing Groups,Walk and Talk,50,50,23.05771,2.168472,19.34249
Crossing Groups,Walk and Talk,50,50,23.70621,2.109152,19.34473
Crossing Groups,Walk and Talk,50,50,23.18787,2.1563,19.19751
Crossing Groups,Walk and Read,50,1,22.60143,2.212249,19.08121
Crossing Groups,Walk and Read,50,1,19.05936,2.623383,19.20935
Crossing Groups,Walk and Read,50,1,19.51935,2.561561,19.03255
Crossing Groups,Walk and Read,50,1,19.99849,2.500189,19.2506
Crossing Groups,Walk and Read,50,1,21.14262,2.364891,19.48493
Crossing Groups,Walk and Read,50,1,19.46568,2.568623,19.38176
Crossing Groups,Walk and Read,50,1,19.26745,2.59505,19.19741
Crossing Groups,Walk and Read,50,1,18.87778,2.648617,19.09238
Crossing Groups,Walk and Read,50,1,20.44547,2.44553,19.39176
Crossing Groups,Walk and Read,50,1,19.9677,2.504044,19.02905
Crossing Groups,Walk and Read,50,1,19.83759,2.520468,19.12983
Crossing Groups,Walk and Read,50,1,19.05122,2.624503,19.32555
Crossing Groups,Walk and Read,50,1,18.79816,2.659835,19.42118
Crossing Groups,Walk and Read,50,1,18.89441,2.646286,19.11601
Crossing Groups,Walk and Read,50,1,19.69403,2.53884,19.33323
Crossing Groups,Walk and Read,50,1,19.38278,2.579609,19.2944
Crossing Groups,Walk and Read,50,1,19.65643,2.543696,19.2517
Crossing Groups,Walk and Read,50,1,19.62018,2.548397,18.97643
Crossing Groups,Walk and Read,50,1,19.341,2.585181,18.93806
Crossing Groups,Walk and Read,50,1,19.91135,2.511131,19.16651
Crossing Groups,Walk and Read,50,2,23.21337,2.153932,19.33347
Crossing Groups,Walk and Read,50,2,19.41958,2.574721,19.19822
Crossing Groups,Walk and Read,50,2,19.17495,2.607569,19.18907
Crossing Groups,Walk and Read,50,2,19.10944,2.616508,19.17492
Crossing Groups,Walk and Read,50,2,20.13956,2.482675,19.28572
Crossing Groups,Walk and Read,50,2,21.28241,2.349358,19.45889
Crossing Groups,Walk and Read,50,2,21.81918,2.291562,19.64359
Crossing Groups,Walk and Read,50,2,20.19249,2.476168,19.42315
Crossing Groups,Walk and Read,50,2,19.48259,2.566394,19.19591
Crossing Groups,Walk and Read,50,2,18.84189,2.653662,19.38388
Crossing Groups,Walk and Read,50,2,20.9104,2.391155,19.11148
Crossing Groups,Walk and Read,50,2,19.88057,2.515018,19.26633
Crossing Groups,Walk and Read,50,2,18.84233,2.6536,19.34482
Crossing Groups,Walk and Read,50,2,19.55707,2.55662,19.2147
Crossing Groups,Walk and Read,50,2,20.42261,2.448267,19.36206
Crossing Groups,Walk and Read,50,2,20.58298,2.429192,19.18118
Crossing Groups,Walk and Read,50,2,19.77774,2.528095,18.99574
Crossing Groups,Walk and Read,50,2,19.32333,2.587545,19.29618
Crossing Groups,Walk and Read,50,2,19.71866,2.53567,19.28574
Crossing Groups,Walk and Read,50,2,20.08331,2.489629,19.35169
Crossing Groups,Walk and Read,50,5,24.28813,2.058619,19.22128
Crossing Groups,Walk and Read,50,5,20.98927,2.38217,19.19182
Crossing Groups,Walk and Read,50,5,23.86949,2.094724,19.45838
Crossing Groups,Walk and Read,50,5,23.40211,2.13656,19.15438
Crossing Groups,Walk and Read,50,5,20.25592,2.468414,19.26915
Crossing Groups,Walk and Read,50,5,21.72395,2.301607,19.39402
Crossing Groups,Walk and Read,50,5,21.41093,2.335255,19.41811
Crossing Groups,Walk and Read,50,5,19.45206,2.570422,19.07687
Crossing Groups,Walk and Read,50,5,23.43459,2.133599,19.3362
Crossing Groups,Walk and Read,50,5,24.01082,2.082395,19.24235
Crossing Groups,Walk and Read,50,5,20.29669,2.463456,19.60128
Crossing Groups,Walk and Read,50,5,21.26088,2.351737,18.92603
Crossing Groups,Walk and Read,50,5,21.12729,2.366607,19.13255
Crossing Groups,Walk and Read,50,5,20.32391,2.460156,19.25164
Crossing Groups,Walk and Read,50,5,21.69675,2.304493,19.42057
Crossing Groups,Walk and Read,50,5,25.04214,1.996634,19.34625
Crossing Groups,Walk and Read,50,5,22.91287,2.182179,19.34417
Crossing Groups,Walk and Read,50,5,22.73077,2.199661,19.1558
Crossing Groups,Walk and Read,50,5,22.55978,2.216333,19.54609
Crossing Groups,Walk and Read,50,5,24.55521,2.036228,19.48978
Crossing Groups,Walk and Read,50,10,25.25743,1.979616,19.24965
Crossing Groups,Walk and Read,50,10,21.42621,2.333591,19.38074
Crossing Groups,Walk and Read,50,10,23.18245,2.156804,19.34983
Crossing Groups,Walk and Read,50,10,22.90386,2.183038,19.39184
Crossing Groups,Walk and Read,50,10,22.88,2.185314,19.32999
Crossing Groups,Walk and Read,50,10,22.96328,2.177389,19.73911
Crossing Groups,Walk and Read,50,10,22.57597,2.214744,19.45742
Crossing Groups,Walk and Read,50,10,21.70883,2.30321,19.4788
Crossing Groups,Walk and Read,50,10,20.51579,2.437147,19.3655
Crossing Groups,Walk and Read,50,10,25.72365,1.943737,19.41338
Crossing Groups,Walk and Read,50,10,23.44203,2.132921,19.51535
Crossing Groups,Walk and Read,50,10,25.5143,1.959686,19.67019
Crossing Groups,Walk and Read,50,10,25.53732,1.957919,19.50101
Crossing Groups,Walk and Read,50,10,22.52661,2.219597,19.61048
Crossing Groups,Walk and Read,50,10,22.53018,2.219245,19.48513
Crossing Groups,Walk and Read,50,10,26.97183,1.853786,19.02057
Crossing Groups,Walk and Read,50,10,25.61041,1.952331,19.61198
Crossing Groups,Walk and Read,50,10,22.09433,2.263024,19.61821
Crossing Groups,Walk and Read,50,10,25.79498,1.938361,19.41354
Crossing Groups,Walk and Read,50,10,22.18884,2.253385,19.55361
Crossing Groups,Walk and Read,50,20,31.84385,1.570162,19.38312
Crossing Groups,Walk and Read,50,20,35.04027,1.42693,19.73436
Crossing Groups,Walk and Read,50,20,31.47436,1.588595,19.87683
Crossing Groups,Walk and Read,50,20,24.88667,2.009108,19.41916
Crossing Groups,Walk and Read,50,20,29.63342,1.687284,19.47206
Crossing Groups,Walk and Read,50,20,27.14047,1.842267,19.84298
Crossing Groups,Walk and Read,50,20,30.2522,1.652773,19.80292
Crossing Groups,Walk and Read,50,20,25.91978,1.929028,19.47371
Crossing Groups,Walk and Read,50,20,24.71132,2.023364,19.35164
Crossing Groups,Walk and Read,50,20,29.66742,1.685351,19.69268
Crossing Groups,Walk and Read,50,20,26.71237,1.871792,19.43442
Crossing Groups,Walk and Read,50,20,24.4534,2.044705,19.29892
Crossing Groups,Walk and Read,50,20,26.17599,1.910147,19.92667
Crossing Groups,Walk and Read,50,20,24.77698,2.018003,19.52077
Crossing Groups,Walk and Read,50,20,25.88281,1.931784,19.38458
Crossing Groups,Walk and Read,50,20,26.58871,1.880497,19.63025
Crossing Groups,Walk and Read,50,20,26.923,1.857148,19.55608
Crossing Groups,Walk and Read,50,20,28.90436,1.729843,20.01132
Crossing Groups,Walk and Read,50,20,29.92227,1.670996,19.38365
Crossing Groups,Walk and Read,50,20,28.86517,1.732191,19.84272
Crossing Groups,Walk and Read,50,30,34.89093,1.433037,19.82121
Crossing Groups,Walk and Read,50,30,25.13036,1.989626,19.5794
Crossing Groups,Walk and Read,50,30,26.58852,1.880511,19.57253
Crossing Groups,Walk and Read,50,30,29.51107,1.694279,19.81558
Crossing Groups,Walk and Read,50,30,24.1796,2.067858,19.21551
Crossing Groups,Walk and Read,50,30,32.07047,1.559067,20.116
Crossing Groups,Walk and Read,50,30,29.53685,1.692801,19.72693
Crossing Groups,Walk and Read,50,30,34.1552,1.463906,19.67825
Crossing Groups,Walk and Read,50,30,30.24194,1.653333,19.82655
Crossing Groups,Walk and Read,50,30,32.55908,1.53567,20.05662
Crossing Groups,Walk and Read,50,30,29.21948,1.711187,19.7905
Crossing Groups,Walk and Read,50,30,24.34253,2.054018,19.67592
Crossing Groups,Walk and Read,50,30,27.19598,1.838507,19.80614
Crossing Groups,Walk and Read,50,30,31.07108,1.609214,19.94008
Crossing Groups,Walk and Read,50,30,25.83524,1.935341,19.48212
Crossing Groups,Walk and Read,50,30,28.729,1.740402,19.93351
Crossing Groups,Walk and Read,50,30,29.40591,1.700338,19.66001
Crossing Groups,Walk and Read,50,30,29.07828,1.719497,19.86761
Crossing Groups,Walk and Read,50,30,36.4201,1.372868,19.67358
Crossing Groups,Walk and Read,50,30,29.61926,1.688091,19.65207
Crossing Groups,Walk and Read,50,40,38.92003,1.284685,19.89383
Crossing Groups,Walk and Read,50,40,30.23503,1.653711,20.05614
Crossing Groups,Walk and Read,50,40,39.70876,1.259168,20.04031
Crossing Groups,Walk and Read,50,40,26.00336,1.922828,19.71254
Crossing Groups,Walk and Read,50,40,27.5876,1.812408,19.73352
Crossing Groups,Walk and Read,50,40,29.21138,1.711662,19.66382
Crossing Groups,Walk and Read,50,40,30.94557,1.61574,19.55431
Crossing Groups,Walk and Read,50,40,32.19591,1.552992,19.63286
Crossing Groups,Walk and Read,50,40,30.4899,1.639887,19.87838
Crossing Groups,Walk and Read,50,40,33.95294,1.472626,20.027
Crossing Groups,Walk and Read,50,40,36.7392,1.360944,19.96937
Crossing Groups,Walk and Read,50,40,25.99606,1.923368,19.88128
Crossing Groups,Walk and Read,50,40,28.30743,1.76632,19.72425
Crossing Groups,Walk and Read,50,40,29.27283,1.708069,19.62347
Crossing Groups,Walk and Read,50,40,29.36554,1.702676,19.74675
Crossing Groups,Walk and Read,50,40,28.54663,1.75152,19.86352
Crossing Groups,Walk and Read,50,40,31.05179,1.610213,19.92928
Crossing Groups,Walk and Read,50,40,36.47217,1.370908,20.1644
Crossing Groups,Walk and Read,50,40,33.40759,1.496666,19.87929
Crossing Groups,Walk and Read,50,40,31.58508,1.583026,20.23137
Crossing Groups,Walk and Read,50,50,35.89508,1.392948,20.38026
Crossing Groups,Walk and Read,50,50,35.48633,1.408993,20.06926
Crossing Groups,Walk and Read,50,50,30.25604,1.652562,20.08197
Crossing Groups,Walk and Read,50,50,31.49183,1.587713,19.88499
Crossing Groups,Walk and Read,50,50,30.63017,1.632377,20.11314
Crossing Groups,Walk and Read,50,50,32.00961,1.562031,19.93722
Crossing Groups,Walk and Read,50,50,32.99142,1.515545,20.07222
Crossing Groups,Walk and Read,50,50,32.55734,1.535752,19.99648
Crossing Groups,Walk and Read,50,50,27.80603,1.798171,19.71508
Crossing Groups,Walk and Read,50,50,43.01666,1.16234,20.32663
Crossing Groups,Walk and Read,50,50,35.13309,1.42316,20.30021
Crossing Groups,Walk and Read,50,50,31.13763,1.605774,20.23485
Crossing Groups,Walk and Read,50,50,28.79977,1.736125,19.64729
Crossing Groups,Walk and Read,50,50,33.51239,1.491985,20.08388
Crossing Groups,Walk and Read,50,50,32.01898,1.561574,19.8831
Crossing Groups,Walk and Read,50,50,29.46811,1.69675,20.06607
Crossing Groups,Walk and Read,50,50,34.57385,1.44618,20.51809
Crossing Groups,Walk and Read,50,50,39.7865,1.256708,20.31901
Crossing Groups,Walk and Read,50,50,30.39435,1.645043,19.80211
Crossing Groups,Walk and Read,50,50,31.12299,1.60653,19.97592

Egress,Walk and Talk,50,1,38.07543,1.313183,18.16623
Egress,Walk and Talk,50,1,35.81159,1.396196,18.21715
Egress,Walk and Talk,50,1,32.78711,1.52499,18.10575
Egress,Walk and Talk,50,1,37.92045,1.31855,18.21207
Egress,Walk and Talk,50,1,43.77805,1.142125,18.29594
Egress,Walk and Talk,1,0,19.19443,0.05209844,21.91782